{"stats":{"minecraft:killed":{"minecraft:spider":3,"minecraft:skeleton":3,"minecraft:chicken":1,"minecraft:pig":7,"minecraft:zombie_villager":1,"minecraft:iron_golem":1,"minecraft:creeper":2,"minecraft:sheep":6,"minecraft:zombie":4},"minecraft:used":{"minecraft:oak_trapdoor":39,"minecraft:oak_fence":1,"minecraft:stone_shovel":399,"minecraft:ladder":73,"minecraft:poppy":1,"minecraft:oak_sign":9,"minecraft:chest":6,"minecraft:white_terracotta":3,"minecraft:bell":8,"minecraft:torch":236,"minecraft:dirt":78,"minecraft:hopper":22,"minecraft:granite":1,"minecraft:glass":104,"minecraft:lava_bucket":3,"minecraft:iron_axe":232,"minecraft:oak_sapling":17,"minecraft:furnace":3,"minecraft:minecart":11,"minecraft:cobbled_deepslate":1,"minecraft:cooked_mutton":8,"minecraft:water_bucket":190,"minecraft:stone_pickaxe":660,"minecraft:wooden_pickaxe":11,"minecraft:composter":2,"minecraft:cobblestone_slab":217,"minecraft:rail":82,"minecraft:crafting_table":4,"minecraft:white_bed":7,"minecraft:diamond_pickaxe":150,"minecraft:bread":85,"minecraft:iron_pickaxe":1217,"minecraft:stone_axe":113,"minecraft:cobblestone":1486,"minecraft:cooked_porkchop":8,"minecraft:smithing_table":7,"minecraft:andesite":8,"minecraft:bucket":194,"minecraft:pumpkin_pie":7,"minecraft:yellow_bed":14,"minecraft:oak_boat":9},"minecraft:custom":{"minecraft:interact_with_smithing_table":5,"minecraft:mob_kills":28,"minecraft:interact_with_crafting_table":65,"minecraft:bell_ring":71,"minecraft:leave_game":18,"minecraft:time_since_death":280850,"minecraft:climb_one_cm":142862,"minecraft:sprint_one_cm":741111,"minecraft:walk_one_cm":623469,"minecraft:drop":119,"minecraft:talked_to_villager":143,"minecraft:play_time":581787,"minecraft:sneak_time":67328,"minecraft:deaths":2,"minecraft:walk_under_water_one_cm":64436,"minecraft:boat_one_cm":7595,"minecraft:jump":6305,"minecraft:walk_on_water_one_cm":95406,"minecraft:total_world_time":581787,"minecraft:interact_with_furnace":91,"minecraft:traded_with_villager":216,"minecraft:sleep_in_bed":26,"minecraft:time_since_rest":8626,"minecraft:damage_taken":4674,"minecraft:damage_dealt":4963,"minecraft:player_kills":1,"minecraft:swim_one_cm":56864,"minecraft:fly_one_cm":993272,"minecraft:open_chest":203,"minecraft:crouch_one_cm":224422,"minecraft:fall_one_cm":173505},"minecraft:broken":{"minecraft:stone_pickaxe":5,"minecraft:iron_axe":1,"minecraft:stone_axe":1,"minecraft:iron_pickaxe":4,"minecraft:stone_shovel":3},"minecraft:picked_up":{"minecraft:crafting_table":3,"minecraft:chicken":1,"minecraft:ladder":8,"minecraft:suspicious_stew":6,"minecraft:smithing_table":7,"minecraft:oak_stairs":96,"minecraft:string":4,"minecraft:oak_trapdoor":21,"minecraft:raw_copper":14,"minecraft:iron_axe":3,"minecraft:cobbled_deepslate":4,"minecraft:oak_boat":11,"minecraft:cobblestone_slab":14,"minecraft:poppy":6,"minecraft:iron_pickaxe":4,"minecraft:minecart":11,"minecraft:chest":3,"minecraft:furnace":3,"minecraft:stick":12,"minecraft:raw_iron":61,"minecraft:oak_door":2,"minecraft:composter":4,"minecraft:oak_fence":1,"minecraft:torch":114,"minecraft:porkchop":13,"minecraft:cookie":18,"minecraft:pointed_dripstone":10,"minecraft:diorite":64,"minecraft:redstone":1,"minecraft:arrow":1,"minecraft:rotten_flesh":5,"minecraft:hay_block":37,"minecraft:white_terracotta":3,"minecraft:mutton":8,"minecraft:rail":35,"minecraft:white_wool":5,"minecraft:cobblestone":1584,"minecraft:stripped_oak_log":32,"minecraft:feather":3,"minecraft:water_bucket":2,"minecraft:andesite":113,"minecraft:potato":6,"minecraft:flint":1,"minecraft:oak_log":56,"minecraft:yellow_bed":15,"minecraft:gunpowder":2,"minecraft:cobblestone_stairs":2,"minecraft:lapis_lazuli":11,"minecraft:dirt":279,"minecraft:glass":32,"minecraft:bone":10,"minecraft:apple":19,"minecraft:wheat_seeds":17,"minecraft:raw_gold":1,"minecraft:bell":9,"minecraft:iron_ingot":132,"minecraft:stone_pickaxe":3,"minecraft:oak_planks":63,"minecraft:dandelion":1,"minecraft:dripstone_block":6,"minecraft:gravel":38,"minecraft:sand":119,"minecraft:white_bed":8,"minecraft:spider_eye":4,"minecraft:mossy_cobblestone":4,"minecraft:diamond":8,"minecraft:granite":37,"minecraft:gray_wool":1,"minecraft:bread":116,"minecraft:emerald":10,"minecraft:oak_sapling":22,"minecraft:coal":113,"minecraft:hopper":11,"minecraft:diamond_pickaxe":1},"minecraft:dropped":{"minecraft:bread":148,"minecraft:wheat_seeds":41,"minecraft:lapis_lazuli":11,"minecraft:mossy_cobblestone":4,"minecraft:crafting_table":1,"minecraft:dripstone_block":6,"minecraft:cookie":162,"minecraft:feather":3,"minecraft:cobblestone":70,"minecraft:granite":36,"minecraft:saddle":2,"minecraft:flint":1,"minecraft:dirt":201,"minecraft:gray_wool":1,"minecraft:diorite":64,"minecraft:pumpkin_pie":44,"minecraft:iron_axe":1,"minecraft:iron_pickaxe":4,"minecraft:string":4,"minecraft:redstone":1,"minecraft:dandelion":8,"minecraft:bone":8,"minecraft:gravel":61,"minecraft:oak_trapdoor":1,"minecraft:cobbled_deepslate":3,"minecraft:raw_copper":43,"minecraft:raw_iron":1,"minecraft:pointed_dripstone":10,"minecraft:rotten_flesh":5,"minecraft:oak_planks":1,"minecraft:suspicious_stew":13,"minecraft:gunpowder":4,"minecraft:andesite":88,"minecraft:beetroot_seeds":2,"minecraft:spider_eye":4,"minecraft:stone_pickaxe":9,"minecraft:arrow":1,"minecraft:raw_gold":2},"minecraft:mined":{"minecraft:white_bed":8,"minecraft:mossy_cobblestone":4,"minecraft:deepslate_diamond_ore":6,"minecraft:oak_door":2,"minecraft:cobblestone_stairs":2,"minecraft:obsidian":1,"minecraft:ladder":4,"minecraft:granite":63,"minecraft:grass_block":84,"minecraft:composter":4,"minecraft:hopper":11,"minecraft:hay_block":37,"minecraft:oak_trapdoor":21,"minecraft:furnace":3,"minecraft:iron_ore":61,"minecraft:andesite":111,"minecraft:bell":9,"minecraft:pointed_dripstone":4,"minecraft:dirt_path":1,"minecraft:cobblestone_slab":19,"minecraft:rail":9,"minecraft:oak_stairs":96,"minecraft:stripped_oak_log":32,"minecraft:stone":941,"minecraft:smithing_table":7,"minecraft:glass_pane":3,"minecraft:oak_fence":1,"minecraft:crafting_table":3,"minecraft:torch":16,"minecraft:short_grass":43,"minecraft:chest":3,"minecraft:copper_ore":10,"minecraft:tall_grass":30,"minecraft:glass":32,"minecraft:cobblestone":591,"minecraft:lapis_ore":2,"minecraft:oak_planks":63,"minecraft:diorite":64,"minecraft:wall_torch":18,"minecraft:yellow_bed":15,"minecraft:oak_log":55,"minecraft:coal_ore":102,"minecraft:gravel":31,"minecraft:dripstone_block":10,"minecraft:sand":120,"minecraft:dirt":186,"minecraft:gold_ore":1,"minecraft:oak_leaves":7,"minecraft:deepslate":3},"minecraft:crafted":{"minecraft:golden_carrot":54,"minecraft:cookie":127,"minecraft:oak_planks":316,"minecraft:oak_sign":9,"minecraft:cobblestone_slab":246,"minecraft:stone_shovel":3,"minecraft:furnace":3,"minecraft:cooked_mutton":8,"minecraft:suspicious_stew":6,"minecraft:oak_trapdoor":20,"minecraft:hopper":11,"minecraft:glass":178,"minecraft:iron_axe":2,"minecraft:ladder":78,"minecraft:stone_pickaxe":11,"minecraft:chest":14,"minecraft:rail":160,"minecraft:wheat":333,"minecraft:minecart":1,"minecraft:emerald":146,"minecraft:cooked_porkchop":8,"minecraft:crafting_table":1,"minecraft:wooden_pickaxe":1,"minecraft:bucket":1,"minecraft:stone_axe":1,"minecraft:bread":226,"minecraft:air":0,"minecraft:oak_boat":4,"minecraft:diamond_pickaxe":2,"minecraft:charcoal":9,"minecraft:stick":264,"minecraft:iron_ingot":57,"minecraft:iron_pickaxe":7,"minecraft:white_bed":1,"minecraft:pumpkin_pie":56,"minecraft:torch":148}},"DataVersion":3700}