{"stats":{"minecraft:broken":{"minecraft:stone_pickaxe":3,"minecraft:iron_axe":1,"minecraft:iron_pickaxe":3},"minecraft:killed":{"minecraft:pig":4,"minecraft:iron_golem":1,"minecraft:creeper":2,"minecraft:zombie":3},"minecraft:used":{"minecraft:water_bucket":49,"minecraft:diorite":19,"minecraft:iron_shovel":98,"minecraft:stone_pickaxe":479,"minecraft:redstone":1,"minecraft:chest":3,"minecraft:torch":154,"minecraft:crafting_table":5,"minecraft:carrot":265,"minecraft:granite":38,"minecraft:glass":1,"minecraft:apple":2,"minecraft:iron_pickaxe":883,"minecraft:iron_axe":408,"minecraft:bread":2,"minecraft:stone_axe":52,"minecraft:cobblestone":32,"minecraft:oak_sapling":42,"minecraft:furnace":2,"minecraft:andesite":23,"minecraft:poisonous_potato":1,"minecraft:bucket":49,"minecraft:yellow_bed":2,"minecraft:cobbled_deepslate":1,"minecraft:pointed_dripstone":2},"minecraft:custom":{"minecraft:interact_with_furnace":20,"minecraft:mob_kills":10,"minecraft:interact_with_crafting_table":15,"minecraft:leave_game":7,"minecraft:time_since_death":62025,"minecraft:sleep_in_bed":8,"minecraft:climb_one_cm":24219,"minecraft:time_since_rest":36974,"minecraft:sprint_one_cm":322006,"minecraft:damage_taken":1380,"minecraft:walk_one_cm":512086,"minecraft:drop":18,"minecraft:damage_dealt":1896,"minecraft:swim_one_cm":1449,"minecraft:fly_one_cm":218845,"minecraft:open_chest":69,"minecraft:play_time":295501,"minecraft:crouch_one_cm":100593,"minecraft:deaths":2,"minecraft:sneak_time":44634,"minecraft:walk_under_water_one_cm":20230,"minecraft:jump":2568,"minecraft:walk_on_water_one_cm":32429,"minecraft:total_world_time":295501,"minecraft:fall_one_cm":41562},"minecraft:mined":{"minecraft:deepslate_redstone_ore":6,"minecraft:tuff":26,"minecraft:oak_sapling":1,"minecraft:crafting_table":4,"minecraft:torch":11,"minecraft:granite":50,"minecraft:short_grass":116,"minecraft:grass_block":1,"minecraft:copper_ore":5,"minecraft:tall_grass":35,"minecraft:cobblestone":6,"minecraft:lapis_ore":10,"minecraft:deepslate_gold_ore":10,"minecraft:oak_planks":14,"minecraft:sugar_cane":1,"minecraft:diorite":35,"minecraft:wall_torch":5,"minecraft:pink_petals":2,"minecraft:furnace":1,"minecraft:carrots":182,"minecraft:iron_ore":101,"minecraft:wheat":38,"minecraft:andesite":67,"minecraft:deepslate_lapis_ore":4,"minecraft:yellow_bed":1,"minecraft:potatoes":14,"minecraft:pointed_dripstone":4,"minecraft:oak_log":327,"minecraft:coal_ore":126,"minecraft:deepslate_iron_ore":4,"minecraft:beetroots":1,"minecraft:sand":97,"minecraft:oak_stairs":1,"minecraft:cherry_leaves":7,"minecraft:gravel":18,"minecraft:dripstone_block":6,"minecraft:stone":504,"minecraft:gold_ore":1,"minecraft:oak_leaves":92,"minecraft:deepslate":375},"minecraft:killed_by":{"minecraft:player":1},"minecraft:dropped":{"minecraft:gravel":13,"minecraft:stone_axe":2,"minecraft:wheat_seeds":2,"minecraft:dripstone_block":6,"minecraft:poisonous_potato":1,"minecraft:cobblestone":110,"minecraft:rotten_flesh":3,"minecraft:granite":9,"minecraft:stone_pickaxe":2,"minecraft:pink_petals":178},"minecraft:crafted":{"minecraft:oak_planks":128,"minecraft:crafting_table":2,"minecraft:furnace":1,"minecraft:bucket":1,"minecraft:stone_axe":1,"minecraft:air":0,"minecraft:glass":23,"minecraft:iron_axe":2,"minecraft:stick":80,"minecraft:iron_ingot":105,"minecraft:iron_pickaxe":4,"minecraft:stone_pickaxe":3,"minecraft:chest":3,"minecraft:iron_shovel":1,"minecraft:torch":236},"minecraft:picked_up":{"minecraft:pink_petals":178,"minecraft:crafting_table":6,"minecraft:wheat":18,"minecraft:water_bucket":1,"minecraft:andesite":191,"minecraft:potato":42,"minecraft:flint":1,"minecraft:tuff":26,"minecraft:oak_log":326,"minecraft:yellow_bed":1,"minecraft:gunpowder":3,"minecraft:lapis_lazuli":101,"minecraft:dirt":20,"minecraft:raw_copper":58,"minecraft:iron_shovel":1,"minecraft:beetroot":1,"minecraft:apple":6,"minecraft:wheat_seeds":120,"minecraft:cobbled_deepslate":375,"minecraft:raw_gold":12,"minecraft:iron_ingot":7,"minecraft:stone_pickaxe":1,"minecraft:iron_pickaxe":3,"minecraft:sugar_cane":2,"minecraft:oak_planks":14,"minecraft:furnace":1,"minecraft:stick":31,"minecraft:raw_iron":105,"minecraft:torch":24,"minecraft:dandelion":14,"minecraft:poisonous_potato":2,"minecraft:dripstone_block":12,"minecraft:gravel":65,"minecraft:porkchop":18,"minecraft:sand":114,"minecraft:pointed_dripstone":13,"minecraft:diorite":35,"minecraft:carrot":626,"minecraft:redstone":28,"minecraft:arrow":1,"minecraft:rotten_flesh":5,"minecraft:stone_axe":1,"minecraft:beetroot_seeds":2,"minecraft:granite":59,"minecraft:saddle":3,"minecraft:oak_sapling":83,"minecraft:coal":139,"minecraft:cobblestone":769}},"DataVersion":3700}